Connection_Type,Component,Class,Run_Size,Outlet_Size,Makeup_Run_In,Makeup_Outlet_In
BW,45L,,0.5,,0.63,
BW,45L,,0.75,,0.433,
BW,45L,,1,,0.866,
BW,45L,,1.25,,0.984,
BW,45L,,1.5,,1.142,
BW,45L,,2,,1.378,
BW,45L,,2.5,,1.732,
BW,45L,,3,,2.008,
BW,45L,,3.5,,2.244,
BW,45L,,4,,2.52,
BW,45L,,5,,3.11,
BW,45L,,6,,3.74,
BW,45L,,8,,5,
BW,45L,,10,,5.906,
BW,45L,,12,,7.48,
BW,45L,,14,,8.74,
BW,45L,,16,,10,
BW,45L,,18,,11.26,
BW,45L,,20,,12.52,
BW,45L,,24,,15,
BW,45L,,26,,15.984,
BW,45L,,30,,18.504,
BW,45L,,36,,22.244,
BW,45L,,42,,33.858,
BW,90L,,0.5,,1.496,
BW,90L,,0.75,,1.142,
BW,90L,,1,,1.496,
BW,90L,,1.25,,1.89,
BW,90L,,1.5,,2.244,
BW,90L,,2,,2.992,
BW,90L,,2.5,,3.74,
BW,90L,,3,,4.488,
BW,90L,,3.5,,5.236,
BW,90L,,4,,5.984,
BW,90L,,5,,7.48,
BW,90L,,6,,9.016,
BW,90L,,8,,12.008,
BW,90L,,10,,15,
BW,90L,,12,,17.992,
BW,90L,,14,,20.984,
BW,90L,,16,,24.016,
BW,90L,,18,,27.008,
BW,90L,,20,,30,
BW,90L,,24,,35.984,
BW,90L,,26,,39.016,
BW,90L,,30,,45,
BW,90L,,36,,54.016,
BW,90L,,42,,62.992,
BW,CAP,,0.5,,0.984,
BW,CAP,,0.75,,0.984,
BW,CAP,,1,,1.496,
BW,CAP,,1.25,,1.496,
BW,CAP,,1.5,,1.496,
BW,CAP,,2,,1.496,
BW,CAP,,2.5,,1.496,
BW,CAP,,3,,2.008,
BW,CAP,,3.5,,2.52,
BW,CAP,,4,,2.52,
BW,CAP,,5,,3.071,
BW,CAP,,6,,3.504,
BW,CAP,,8,,4.016,
BW,CAP,,10,,5,
BW,CAP,,12,,5.984,
BW,CAP,,14,,6.496,
BW,CAP,,16,,7.008,
BW,CAP,,18,,7.992,
BW,CAP,,20,,9.016,
BW,CAP,,22,,10,
BW,CAP,,24,,10.512,
BW,CAP,,26,,10.512,
BW,CAP,,30,,10.512,
BW,CAP,,36,,10.512,
BW,CAP,,42,,12.008,
BW,RED,,28,,24.016,
BW,RED,,32,,24.016,
BW,RED,,34,,24.016,
BW,RED,,36,,24.016,
BW,RED,,38,,24.016,
BW,RED,,40,,24.016,
BW,RED,,42,,24.016,
BW,RED,,44,,24.016,
BW,RED,,46,,27.992,
BW,RED,,48,,27.992,
BW,RED,,0.75,,1.496,
BW,RED,,1,,2.008,
BW,RED,,1.25,,2.008,
BW,RED,,1.5,,2.52,
BW,RED,,2,,2.992,
BW,RED,,2.5,,3.504,
BW,RED,,3,,3.504,
BW,RED,,3.5,,4.016,
BW,RED,,4,,4.016,
BW,RED,,5,,5,
BW,RED,,6,,5.512,
BW,RED,,8,,5.984,
BW,RED,,10,,7.008,
BW,RED,,12,,7.992,
BW,RED,,14,,12.992,
BW,RED,,16,,14.016,
BW,RED,,18,,15,
BW,RED,,20,,20,
BW,RED,,22,,20,
BW,RED,,24,,20,
BW,RED,,26,,24.016,
BW,RED,,30,,24.016,
BW,WOL,,0.5,,0.75,
BW,WOL,,0.75,,0.876,
BW,WOL,,1,,1.063,
BW,WOL,,1.25,,1.25,
BW,WOL,,1.5,,1.313,
BW,WOL,,2,,1.5,
BW,WOL,,2.5,,1.625,
BW,WOL,,3,,1.75,
BW,WOL,,3.5,,1.875,
BW,WOL,,4,,2,
BW,WOL,,5,,2.25,
BW,WOL,,6,,3.063,
BW,WOL,,8,,3.688,
BW,WOL,,10,,3.875,
BW,WOL,,12,,3.937,
BW,WOL,,14,,4.063,
BW,WOL,,16,,4.187,
BW,WOL,,18,,4.375,
BW,WOL,,20,,4.688,
BW,WOL,,24,,5.5,
SW,SOL,3000,0.5,,0.6299,
SW,SOL,3000,0.75,,0.6299,
SW,SOL,3000,1,,0.8661,
SW,SOL,3000,1.5,,0.9449,
SW,SOL,3000,2,,0.9449,
SW,SOL,3000,2.5,,0.9843,
SW,SOL,3000,3,,1.1811,
SW,SOL,3000,4,,1.1811,
SW,SOL,6000,0.5,,0.9449,
SW,SOL,6000,0.75,,0.9843,
SW,SOL,6000,1,,1.1024,
SW,SOL,6000,1.5,,1.2598,
SW,SOL,6000,2,,1.4567,
SW,SOL,6000,2.5,,1.811,
SW,SOL,6000,3,,2.0079,
SW,SOL,6000,4,,2.2441,
BW,STUB,10S,0.5,,2,
BW,STUB,10S,0.75,,2,
BW,STUB,10S,1,,2,
BW,STUB,10S,1.25,,2,
BW,STUB,10S,1.5,,2,
BW,STUB,10S,2,,2.5,
BW,STUB,10S,2.5,,2.5,
BW,STUB,10S,3,,2.5,
BW,STUB,10S,4,,3,
BW,STUB,10S,5,,3,
BW,STUB,10S,6,,3.5,
BW,STUB,10S,8,,4,
BW,STUB,10S,10,,5,
BW,STUB,10S,12,,6,
BW,STUB,10S,14,,6,
BW,STUB,10S,16,,6,
BW,STUB,10S,18,,6,
BW,STUB,10S,20,,6,
BW,STUB,10S,24,,6,
BW,STUB,40S,0.5,,2,
BW,STUB,40S,0.75,,2,
BW,STUB,40S,1,,2,
BW,STUB,40S,1.25,,2,
BW,STUB,40S,1.5,,2,
BW,STUB,40S,2,,2.5,
BW,STUB,40S,2.5,,2.5,
BW,STUB,40S,3,,2.5,
BW,STUB,40S,4,,3,
BW,STUB,40S,5,,3,
BW,STUB,40S,6,,3.5,
BW,STUB,40S,8,,4,
BW,STUB,40S,10,,5,
BW,STUB,40S,12,,6,
BW,REDT,,0.5,0.375,0.984,0.984
BW,REDT,,0.5,0.25,0.984,0.984
BW,REDT,,0.75,0.5,1.142,1.142
BW,REDT,,0.75,0.375,1.142,1.142
BW,REDT,,1,0.75,1.496,1.496
BW,REDT,,1,0.5,1.496,1.496
BW,REDT,,1.25,1,1.89,1.89
BW,REDT,,1.25,0.75,1.89,1.89
BW,REDT,,1.25,0.5,1.89,1.89
BW,REDT,,1.5,1.25,2.244,2.244
BW,REDT,,1.5,1,2.244,2.244
BW,REDT,,1.5,0.75,2.244,2.244
BW,REDT,,1.5,0.5,2.244,2.244
BW,REDT,,2,1.5,2.52,2.362
BW,REDT,,2,1.25,2.52,2.244
BW,REDT,,2,1,2.52,2.008
BW,REDT,,2,0.75,2.52,1.732
BW,REDT,,2.5,2,2.992,2.756
BW,REDT,,2.5,1.5,2.992,2.638
BW,REDT,,2.5,1.25,2.992,2.52
BW,REDT,,2.5,1,2.992,2.244
BW,REDT,,3,2.5,3.386,3.268
BW,REDT,,3,2,3.386,2.992
BW,REDT,,3,1.5,3.386,2.874
BW,REDT,,3,1.25,3.386,2.756
BW,REDT,,3.5,3,3.74,3.622
BW,REDT,,3.5,2.5,3.74,3.504
BW,REDT,,3.5,2,3.74,3.268
BW,REDT,,3.5,1.5,3.74,3.11
BW,REDT,,4,3.5,4.134,4.016
BW,REDT,,4,3,4.134,3.858
BW,REDT,,4,2.5,4.134,3.74
BW,REDT,,4,2,4.134,3.504
BW,REDT,,4,1.5,4.134,3.386
BW,REDT,,5,4,4.882,4.606
BW,REDT,,5,3.5,4.882,4.488
BW,REDT,,5,3,4.882,4.37
BW,REDT,,5,2.5,4.882,4.252
BW,REDT,,5,2,4.882,4.134
BW,REDT,,6,5,5.63,5.394
BW,REDT,,6,4,5.63,5.118
BW,REDT,,6,3.5,5.63,5
BW,REDT,,6,3,5.63,4.882
BW,REDT,,6,2.5,5.63,4.764
BW,REDT,,8,6,7.008,6.614
BW,REDT,,8,5,7.008,6.378
BW,REDT,,8,4,7.008,6.142
BW,REDT,,8,3.5,7.008,5.984
BW,REDT,,10,8,8.504,7.992
BW,REDT,,10,6,8.504,7.638
BW,REDT,,10,5,8.504,7.52
BW,REDT,,10,4,8.504,7.244
BW,REDT,,12,10,10,9.488
BW,REDT,,12,8,10,9.016
BW,REDT,,12,6,10,8.622
BW,REDT,,12,5,10,8.504
BW,REDT,,14,12,10.984,10.63
BW,REDT,,14,10,10.984,10.118
BW,REDT,,14,8,10.984,9.764
BW,REDT,,14,6,10.984,9.37
BW,REDT,,16,14,12.008,12.008
BW,REDT,,16,12,12.008,11.614
BW,REDT,,16,10,12.008,11.142
BW,REDT,,16,8,12.008,10.748
BW,REDT,,16,6,12.008,10.394
BW,REDT,,18,16,13.504,12.992
BW,REDT,,18,14,13.504,12.992
BW,REDT,,18,12,13.504,12.638
BW,REDT,,18,10,13.504,12.126
BW,REDT,,18,8,13.504,11.732
BW,REDT,,20,18,15,14.488
BW,REDT,,20,16,15,14.016
BW,REDT,,20,14,15,14.016
BW,REDT,,20,12,15,13.622
BW,REDT,,20,10,15,13.11
BW,REDT,,20,8,15,12.756
BW,REDT,,22,20,16.496,15.984
BW,REDT,,22,18,16.496,15.512
BW,REDT,,22,16,16.496,15
BW,REDT,,22,14,16.496,15
BW,REDT,,22,12,16.496,14.606
BW,REDT,,22,10,16.496,14.134
BW,REDT,,24,22,17.008,17.008
BW,REDT,,24,20,17.008,17.008
BW,REDT,,24,18,17.008,16.496
BW,REDT,,24,16,17.008,15.984
BW,REDT,,24,14,17.008,15.984
BW,REDT,,24,12,17.008,15.63
BW,REDT,,24,10,17.008,15.118
BW,REDT,,26,24,19.488,19.016
BW,REDT,,26,22,19.488,18.504
BW,REDT,,26,20,19.488,17.992
BW,REDT,,26,18,19.488,17.48
BW,REDT,,26,16,19.488,17.008
BW,REDT,,26,14,19.488,17.008
BW,REDT,,26,12,19.488,16.614
BW,REDT,,28,26,20.512,20.512
BW,REDT,,28,24,20.512,20
BW,REDT,,28,22,20.512,19.488
BW,REDT,,28,20,20.512,19.016
BW,REDT,,28,18,20.512,18.504
BW,REDT,,28,16,20.512,17.992
BW,REDT,,28,14,20.512,17.992
BW,REDT,,28,12,20.512,17.638
BW,REDT,,30,28,22.008,21.496
BW,REDT,,30,26,22.008,21.496
BW,REDT,,30,24,22.008,20.984
BW,REDT,,30,22,22.008,20.512
BW,REDT,,30,20,22.008,20
BW,REDT,,30,18,22.008,19.488
BW,REDT,,30,16,22.008,19.016
BW,REDT,,30,14,22.008,19.016
BW,REDT,,30,12,22.008,18.622
BW,REDT,,30,10,22.008,18.11
BW,REDT,,32,30,23.504,22.992
BW,REDT,,32,28,23.504,22.52
BW,REDT,,32,26,23.504,22.52
BW,REDT,,32,24,23.504,22.008
BW,REDT,,32,22,23.504,21.496
BW,REDT,,32,20,23.504,20.984
BW,REDT,,32,18,23.504,20.512
BW,REDT,,32,16,23.504,20
BW,REDT,,32,14,23.504,20
BW,REDT,,34,32,25,24.488
BW,REDT,,34,30,25,24.016
BW,REDT,,34,28,25,23.504
BW,REDT,,34,26,25,23.504
BW,REDT,,34,24,25,22.992
BW,REDT,,34,22,25,22.52
BW,REDT,,34,20,25,22.008
BW,REDT,,34,18,25,21.496
BW,REDT,,34,16,25,20.984
BW,REDT,,36,34,26.496,25.984
BW,REDT,,36,32,26.496,25.512
BW,REDT,,36,30,26.496,25
BW,REDT,,36,28,26.496,24.488
BW,REDT,,36,26,26.496,24.488
BW,REDT,,36,24,26.496,24.016
BW,REDT,,36,22,26.496,23.504
BW,REDT,,36,20,26.496,22.992
BW,REDT,,36,18,26.496,22.52
BW,REDT,,36,16,26.496,22.008
BW,REDT,,38,36,27.992,27.992
BW,REDT,,38,34,27.992,27.48
BW,REDT,,38,32,27.992,27.008
BW,REDT,,38,30,27.992,26.496
BW,REDT,,38,28,27.992,25.512
BW,REDT,,38,26,27.992,25.512
BW,REDT,,38,24,27.992,25
BW,REDT,,38,22,27.992,24.488
BW,REDT,,38,20,27.992,24.016
BW,REDT,,38,18,27.992,23.504
BW,REDT,,40,38,29.488,29.488
BW,REDT,,40,36,29.488,29.016
BW,REDT,,40,34,29.488,28.504
BW,REDT,,40,32,29.488,27.992
BW,REDT,,40,30,29.488,27.48
BW,REDT,,40,28,29.488,26.496
BW,REDT,,40,26,29.488,26.496
BW,REDT,,40,24,29.488,25.984
BW,REDT,,40,22,29.488,25.512
BW,REDT,,40,20,29.488,25
BW,REDT,,40,18,29.488,24.488
BW,REDT,,42,40,30,27.992
BW,REDT,,42,38,30,27.992
BW,REDT,,42,36,30,27.992
BW,REDT,,42,34,30,27.992
BW,REDT,,42,32,30,27.992
BW,REDT,,42,30,30,27.992
BW,REDT,,42,28,30,27.48
BW,REDT,,42,26,30,27.48
BW,REDT,,42,24,30,25.984
BW,REDT,,42,22,30,25.984
BW,REDT,,42,20,30,25.984
BW,REDT,,42,18,30,25.512
BW,REDT,,42,16,30,25
BW,REDT,,44,42,32.008,30
BW,REDT,,44,40,32.008,29.488
BW,REDT,,44,38,32.008,29.016
BW,REDT,,44,36,32.008,28.504
BW,REDT,,44,34,32.008,28.504
BW,REDT,,44,32,32.008,27.992
BW,REDT,,44,30,32.008,27.992
BW,REDT,,44,28,32.008,27.48
BW,REDT,,44,26,32.008,27.48
BW,REDT,,44,24,32.008,27.48
BW,REDT,,44,22,32.008,27.008
BW,REDT,,44,20,32.008,27.008
BW,REDT,,46,44,33.504,31.496
BW,REDT,,46,42,33.504,30.984
BW,REDT,,46,40,33.504,30.512
BW,REDT,,46,38,33.504,30
BW,REDT,,46,36,33.504,30
BW,REDT,,46,34,33.504,29.488
BW,REDT,,46,32,33.504,29.488
BW,REDT,,46,30,33.504,29.016
BW,REDT,,46,28,33.504,29.016
BW,REDT,,46,26,33.504,29.016
BW,REDT,,46,24,33.504,28.504
BW,REDT,,46,22,33.504,28.504
BW,REDT,,48,46,35,32.992
BW,REDT,,48,44,35,32.992
BW,REDT,,48,42,35,32.008
BW,REDT,,48,40,35,32.008
BW,REDT,,48,38,35,32.008
BW,REDT,,48,36,35,30.984
BW,REDT,,48,34,35,30.984
BW,REDT,,48,32,35,30.984
BW,REDT,,48,30,35,30
BW,REDT,,48,28,35,30
BW,REDT,,48,26,35,30
BW,REDT,,48,24,35,29.016
BW,REDT,,48,22,35,29.016
SW,REDT,3000,0.75,0.5,0.768,0.61
SW,REDT,3000,1,0.5,0.866,0.61
SW,REDT,3000,1,0.75,0.866,0.768
SW,REDT,3000,1.25,0.5,1.063,0.61
SW,REDT,3000,1.25,0.75,1.063,0.768
SW,REDT,3000,1.25,1,1.063,0.866
SW,REDT,3000,1.5,0.5,1.26,0.61
SW,REDT,3000,1.5,0.75,1.26,0.768
SW,REDT,3000,1.5,1,1.26,0.866
SW,REDT,3000,1.5,1.25,1.26,1.063
SW,REDT,3000,2,0.5,1.496,0.61
SW,REDT,3000,2,0.75,1.496,0.768
SW,REDT,3000,2,1,1.496,0.866
SW,REDT,3000,2,1.25,1.496,1.063
SW,REDT,3000,2,1.5,1.496,1.26
SW,REDT,3000,2.5,0.5,1.634,0.61
SW,REDT,3000,2.5,0.75,1.634,0.768
SW,REDT,3000,2.5,1,1.634,0.866
SW,REDT,3000,2.5,1.25,1.634,1.063
SW,REDT,3000,2.5,1.5,1.634,1.26
SW,REDT,3000,2.5,2,1.634,1.496
SW,REDT,3000,3,0.5,2.264,0.61
SW,REDT,3000,3,0.75,2.264,0.768
SW,REDT,3000,3,1,2.264,0.866
SW,REDT,3000,3,1.25,2.264,1.063
SW,REDT,3000,3,1.5,2.264,1.26
SW,REDT,3000,3,2,2.264,1.496
SW,REDT,3000,3,2.5,2.264,1.634
SW,REDT,3000,4,0.5,2.618,0.61
SW,REDT,3000,4,0.75,2.618,0.768
SW,REDT,3000,4,1,2.618,0.866
SW,REDT,3000,4,1.25,2.618,1.063
SW,REDT,3000,4,1.5,2.618,1.26
SW,REDT,3000,4,2,2.618,1.496
SW,REDT,3000,4,2.5,2.618,1.634
SW,REDT,3000,4,3,2.618,2.264
SW,REDT,6000,0.75,0.5,0.768,0.61
SW,REDT,6000,1,0.5,0.866,0.61
SW,REDT,6000,1,0.75,0.866,0.768
SW,REDT,6000,1.25,0.5,1.063,0.61
SW,REDT,6000,1.25,0.75,1.063,0.768
SW,REDT,6000,1.25,1,1.063,0.866
SW,REDT,6000,1.5,0.5,1.26,0.61
SW,REDT,6000,1.5,0.75,1.26,0.768
SW,REDT,6000,1.5,1,1.26,0.866
SW,REDT,6000,1.5,1.25,1.26,1.063
SW,REDT,6000,2,0.5,1.496,0.61
SW,REDT,6000,2,0.75,1.496,0.768
SW,REDT,6000,2,1,1.496,0.866
SW,REDT,6000,2,1.25,1.496,1.063
SW,REDT,6000,2,1.5,1.496,1.26
SW,REDT,6000,2.5,0.5,1.634,0.61
SW,REDT,6000,2.5,0.75,1.634,0.768
SW,REDT,6000,2.5,1,1.634,0.866
SW,REDT,6000,2.5,1.25,1.634,1.063
SW,REDT,6000,2.5,1.5,1.634,1.26
SW,REDT,6000,2.5,2,1.634,1.496
SW,REDT,6000,3,0.5,2.264,0.61
SW,REDT,6000,3,0.75,2.264,0.768
SW,REDT,6000,3,1,2.264,0.866
SW,REDT,6000,3,1.25,2.264,1.063
SW,REDT,6000,3,1.5,2.264,1.26
SW,REDT,6000,3,2,2.264,1.496
SW,REDT,6000,3,2.5,2.264,1.634
SW,REDT,6000,4,0.5,2.618,0.61
SW,REDT,6000,4,0.75,2.618,0.768
SW,REDT,6000,4,1,2.618,0.866
SW,REDT,6000,4,1.25,2.618,1.063
SW,REDT,6000,4,1.5,2.618,1.26
SW,REDT,6000,4,2,2.618,1.496
SW,REDT,6000,4,2.5,2.618,1.634
SW,REDT,6000,4,3,2.618,2.264
BW,TEE,,0.5,0.5,0.984,0.984
BW,TEE,,0.75,0.75,1.142,1.142
BW,TEE,,1,1,1.496,1.496
BW,TEE,,1.25,1.25,1.89,1.89
BW,TEE,,1.5,1.5,2.244,2.244
BW,TEE,,2,2,2.52,2.52
BW,TEE,,2.5,2.5,2.992,2.992
BW,TEE,,3,3,3.386,3.386
BW,TEE,,3.5,3.5,3.74,3.74
BW,TEE,,4,4,4.134,4.134
BW,TEE,,5,5,4.882,4.882
BW,TEE,,6,6,5.63,5.63
BW,TEE,,8,8,7.008,7.008
BW,TEE,,10,10,8.504,8.504
BW,TEE,,12,12,10,10
BW,TEE,,14,14,10.984,10.984
BW,TEE,,16,16,12.008,12.008
BW,TEE,,18,18,13.504,13.504
BW,TEE,,20,20,15,15
BW,TEE,,22,22,16.496,16.496
BW,TEE,,24,24,17.008,17.008
BW,TEE,,26,26,19.488,19.488
BW,TEE,,28,28,20.512,20.512
BW,TEE,,30,30,22.008,22.008
BW,TEE,,32,32,23.504,23.504
BW,TEE,,34,34,25,25
BW,TEE,,36,36,26.496,26.496
BW,TEE,,38,38,27.992,27.992
BW,TEE,,40,40,29.488,29.488
BW,TEE,,42,42,30,27.992
BW,TEE,,44,44,32.008,30
BW,TEE,,46,46,33.504,31.496
BW,TEE,,48,48,35,33
SW,90L,3000,0.125,,0.433,
SW,90L,3000,0.25,,0.433,
SW,90L,3000,0.375,,0.531,
SW,90L,3000,0.5,,0.61,
SW,90L,3000,0.75,,0.748,
SW,90L,3000,1,,0.886,
SW,90L,3000,1.25,,1.063,
SW,90L,3000,1.5,,1.26,
SW,90L,3000,2,,1.496,
SW,90L,3000,2.5,,1.614,
SW,90L,3000,3,,2.244,
SW,90L,3000,4,,2.618,
SW,45L,3000,0.125,,0.315,
SW,45L,3000,0.25,,0.315,
SW,45L,3000,0.375,,0.315,
SW,45L,3000,0.5,,0.433,
SW,45L,3000,0.75,,0.512,
SW,45L,3000,1,,0.551,
SW,45L,3000,1.25,,0.689,
SW,45L,3000,1.5,,0.807,
SW,45L,3000,2,,1.004,
SW,45L,3000,2.5,,1.122,
SW,45L,3000,3,,1.26,
SW,45L,3000,4,,1.614,
SW,90L,6000,0.125,,0.433,
SW,90L,6000,0.25,,0.531,
SW,90L,6000,0.375,,0.61,
SW,90L,6000,0.5,,0.748,
SW,90L,6000,0.75,,0.886,
SW,90L,6000,1,,1.063,
SW,90L,6000,1.25,,1.26,
SW,90L,6000,1.5,,1.496,
SW,90L,6000,2,,1.614,
SW,45L,6000,0.125,,0.315,
SW,45L,6000,0.25,,0.315,
SW,45L,6000,0.375,,0.433,
SW,45L,6000,0.5,,0.492,
SW,45L,6000,0.75,,0.551,
SW,45L,6000,1,,0.689,
SW,45L,6000,1.25,,0.807,
SW,45L,6000,1.5,,1.004,
SW,45L,6000,2,,1.122,
SW,90L,9000,0.5,,1.004,
SW,90L,9000,0.75,,1.122,
SW,90L,9000,1,,1.26,
SW,90L,9000,1.25,,1.378,
SW,90L,9000,1.5,,1.496,
SW,90L,9000,2,,2.126,
SW,45L,9000,0.5,,0.61,
SW,45L,9000,0.75,,0.748,
SW,45L,9000,1,,0.807,
SW,45L,9000,1.25,,0.886,
SW,45L,9000,1.5,,1.004,
SW,45L,9000,2,,1.122,
SW,CPL,3000,0.125,,0.256,
SW,CPL,3000,0.25,,0.256,
SW,CPL,3000,0.375,,0.256,
SW,CPL,3000,0.5,,0.374,
SW,CPL,3000,0.75,,0.374,
SW,CPL,3000,1,,0.492,
SW,CPL,3000,1.25,,0.492,
SW,CPL,3000,1.5,,0.492,
SW,CPL,3000,2,,0.748,
SW,CPL,3000,2.5,,0.748,
SW,CPL,3000,3,,0.748,
SW,CPL,3000,4,,0.748,
SW,CPL,6000,0.125,,0.256,
SW,CPL,6000,0.25,,0.256,
SW,CPL,6000,0.375,,0.256,
SW,CPL,6000,0.5,,0.374,
SW,CPL,6000,0.75,,0.374,
SW,CPL,6000,1,,0.492,
SW,CPL,6000,1.25,,0.492,
SW,CPL,6000,1.5,,0.492,
SW,CPL,6000,2,,0.748,
SW,CPL,9000,0.5,,0.374,
SW,CPL,9000,0.75,,0.374,
SW,CPL,9000,1,,0.492,
SW,CPL,9000,1.25,,0.492,
SW,CPL,9000,1.5,,0.492,
SW,CPL,9000,2,,0.748,
SW,TEE,3000,0.125,0.125,0.433,0.433
SW,TEE,3000,0.25,0.25,0.433,0.433
SW,TEE,3000,0.375,0.375,0.531,0.531
SW,TEE,3000,0.5,0.5,0.61,0.61
SW,TEE,3000,0.75,0.75,0.748,0.748
SW,TEE,3000,1,1,0.886,0.886
SW,TEE,3000,1.25,1.25,1.063,1.063
SW,TEE,3000,1.5,1.5,1.26,1.26
SW,TEE,3000,2,2,1.496,1.496
SW,TEE,3000,2.5,2.5,1.614,1.614
SW,TEE,3000,3,3,2.244,2.244
SW,TEE,3000,4,4,2.618,2.618
SW,CROSS,3000,0.125,0.125,0.315,0.315
SW,CROSS,3000,0.25,0.25,0.315,0.315
SW,CROSS,3000,0.375,0.375,0.315,0.315
SW,CROSS,3000,0.5,0.5,0.433,0.433
SW,CROSS,3000,0.75,0.75,0.512,0.512
SW,CROSS,3000,1,1,0.551,0.551
SW,CROSS,3000,1.25,1.25,0.689,0.689
SW,CROSS,3000,1.5,1.5,0.807,0.807
SW,CROSS,3000,2,2,1.004,1.004
SW,CROSS,3000,2.5,2.5,1.122,1.122
SW,CROSS,3000,3,3,1.26,1.26
SW,CROSS,3000,4,4,1.614,1.614
SW,TEE,6000,0.125,0.125,0.433,0.433
SW,TEE,6000,0.25,0.25,0.531,0.531
SW,TEE,6000,0.375,0.375,0.61,0.61
SW,TEE,6000,0.5,0.5,0.748,0.748
SW,TEE,6000,0.75,0.75,0.886,0.886
SW,TEE,6000,1,1,1.063,1.063
SW,TEE,6000,1.25,1.25,1.26,1.26
SW,TEE,6000,1.5,1.5,1.496,1.496
SW,TEE,6000,2,2,1.614,1.614
SW,CROSS,6000,0.125,0.125,0.315,0.315
SW,CROSS,6000,0.25,0.25,0.315,0.315
SW,CROSS,6000,0.375,0.375,0.433,0.433
SW,CROSS,6000,0.5,0.5,0.492,0.492
SW,CROSS,6000,0.75,0.75,0.551,0.551
SW,CROSS,6000,1,1,0.689,0.689
SW,CROSS,6000,1.25,1.25,0.807,0.807
SW,CROSS,6000,1.5,1.5,1.004,1.004
SW,CROSS,6000,2,2,1.122,1.122
SW,TEE,9000,0.5,0.5,1.004,1.004
SW,TEE,9000,0.75,0.75,1.122,1.122
SW,TEE,9000,1,1,1.26,1.26
SW,TEE,9000,1.25,1.25,1.378,1.378
SW,TEE,9000,1.5,1.5,1.496,1.496
SW,TEE,9000,2,2,2.126,2.126
SW,CROSS,9000,0.5,0.5,0.61,0.61
SW,CROSS,9000,0.75,0.75,0.748,0.748
SW,CROSS,9000,1,1,0.807,0.807
SW,CROSS,9000,1.25,1.25,0.886,0.886
SW,CROSS,9000,1.5,1.5,1.004,1.004
SW,CROSS,9000,2,2,1.122,1.122
BW,90LSR,,0.5,,0.5,
BW,90LSR,,0.75,,0.75,
BW,90LSR,,1,,1,
BW,90LSR,,1.5,,1.5,
BW,90LSR,,2,,2,
BW,90LSR,,3,,3,
BW,90LSR,,4,,4,
BW,90LSR,,6,,6,
BW,90LSR,,8,,8,
BW,90LSR,,10,,10,
BW,90LSR,,12,,12,
BW,90LSR,,14,,14,
BW,90LSR,,16,,16,
BW,90LSR,,18,,18,
BW,90LSR,,20,,20,
BW,90LSR,,24,,24,
BW,90LSR,,30,,30,
GRV,45L,,0.5,,0.63,
GRV,45L,,0.75,,0.75,
GRV,45L,,1,,0.94,
GRV,45L,,1.25,,1.19,
GRV,45L,,1.5,,1.38,
GRV,45L,,2,,1.63,
GRV,45L,,2.5,,2,
GRV,45L,,3,,2.5,
GRV,45L,,4,,3,
GRV,45L,,5,,3.5,
GRV,45L,,6,,4,
GRV,45L,,8,,5.5,
GRV,45L,,10,,6.5,
GRV,90L,,0.5,,0.88,
GRV,90L,,0.75,,1,
GRV,90L,,1,,1.19,
GRV,90L,,1.25,,1.5,
GRV,90L,,1.5,,1.75,
GRV,90L,,2,,2,
GRV,90L,,2.5,,2.5,
GRV,90L,,3,,3,
GRV,90L,,4,,3.5,
GRV,90L,,5,,4,
GRV,90L,,6,,4.5,
GRV,90L,,8,,6,
GRV,90L,,10,,7.5,
BW,90RED,,2,1.5,3,3
BW,90RED,,2,1.25,3,3
BW,90RED,,2,1,3,3
BW,90RED,,2.5,2,3.75,3.75
BW,90RED,,2.5,1.5,3.75,3.75
BW,90RED,,2.5,1.25,3.75,3.75
BW,90RED,,3,2.5,4.5,4.5
BW,90RED,,3,2,4.5,4.5
BW,90RED,,3,1.5,4.5,4.5
BW,90RED,,3.5,3,5.25,5.25
BW,90RED,,3.5,2.5,5.25,5.25
BW,90RED,,3.5,2,5.25,5.25
BW,90RED,,4,3.5,6,6
BW,90RED,,4,3,6,6
BW,90RED,,4,2.5,6,6
BW,90RED,,4,2,6,6
BW,90RED,,5,4,7.5,7.5
BW,90RED,,5,3.5,7.5,7.5
BW,90RED,,5,3,7.5,7.5
BW,90RED,,5,2.5,7.5,7.5
BW,90RED,,6,5,9,9
BW,90RED,,6,4,9,9
BW,90RED,,6,3.5,9,9
BW,90RED,,6,3,9,9
BW,90RED,,8,6,12,12
BW,90RED,,8,5,12,12
BW,90RED,,8,4,12,12
BW,90RED,,10,8,15,15
BW,90RED,,10,6,15,15
BW,90RED,,10,5,15,15
BW,90RED,,12,10,18,18
BW,90RED,,12,8,18,18
BW,90RED,,12,6,18,18
BW,90RED,,14,12,21,21
BW,90RED,,14,10,21,21
BW,90RED,,14,8,21,21
BW,90RED,,16,14,24,24
BW,90RED,,16,12,24,24
BW,90RED,,16,10,24,24
BW,90RED,,18,16,27,27
BW,90RED,,18,14,27,27
BW,90RED,,18,12,27,27
BW,90RED,,18,10,27,27
BW,90RED,,20,18,30,30
BW,90RED,,20,16,30,30
BW,90RED,,20,14,30,30
BW,90RED,,20,12,30,30
BW,90RED,,20,10,30,30
BW,90RED,,24,22,36,36
BW,90RED,,24,20,36,36
BW,90RED,,24,18,36,36
BW,90RED,,24,16,36,36
BW,90RED,,24,14,36,36
BW,90RED,,24,12,36,36
BW,180R,,0.5,,3,
BW,180R,,0.75,,3,
BW,180R,,1,,3,
BW,180R,,1.25,,3.75,
BW,180R,,1.5,,4.5,
BW,180R,,2,,6,
BW,180R,,2.5,,7.5,
BW,180R,,3,,9,
BW,180R,,3.5,,10.5,
BW,180R,,4,,12,
BW,180R,,5,,15,
BW,180R,,6,,18,
BW,180R,,8,,24,
BW,180R,,10,,30,
BW,180R,,12,,36,
BW,180R,,14,,42,
BW,180R,,16,,48,
BW,180R,,18,,54,
BW,180R,,20,,60,
BW,180R,,22,,66,
BW,180R,,24,,72,
BW,90L3D,,0.5,,1.5,
BW,90L3D,,0.75,,2.25,
BW,90L3D,,1,,3,
BW,90L3D,,1.25,,3.75,
BW,90L3D,,1.5,,4.5,
BW,90L3D,,2,,6,
BW,90L3D,,2.5,,7.5,
BW,90L3D,,3,,9,
BW,90L3D,,3.5,,10.5,
BW,90L3D,,4,,12,
BW,90L3D,,5,,15,
BW,90L3D,,6,,18,
BW,90L3D,,8,,24,
BW,90L3D,,10,,30,
BW,90L3D,,12,,36,
BW,90L3D,,14,,42,
BW,90L3D,,16,,48,
BW,90L3D,,18,,54,
BW,90L3D,,20,,60,
BW,90L3D,,24,,72,
BW,90L5D,,0.5,,2.5,
BW,90L5D,,0.75,,3.75,
BW,90L5D,,1,,5,
BW,90L5D,,1.25,,6.25,
BW,90L5D,,1.5,,7.5,
BW,90L5D,,2,,10,
BW,90L5D,,2.5,,12.5,
BW,90L5D,,3,,15,
BW,90L5D,,3.5,,17.5,
BW,90L5D,,4,,20,
BW,90L5D,,5,,25,
BW,90L5D,,6,,30,
BW,90L5D,,8,,40,
BW,90L5D,,10,,50,
BW,90L5D,,12,,60,
BW,90L5D,,14,,70,
BW,90L5D,,16,,80,
BW,90L5D,,18,,90,
BW,90L5D,,20,,100,
BW,90L5D,,24,,120,
BW,45L3D,,0.5,,0.62,
BW,45L3D,,0.75,,0.93,
BW,45L3D,,1,,1.24,
BW,45L3D,,1.25,,1.55,
BW,45L3D,,1.5,,1.86,
BW,45L3D,,2,,2.48,
BW,45L3D,,2.5,,3.1,
BW,45L3D,,3,,3.73,
BW,45L3D,,3.5,,4.35,
BW,45L3D,,4,,4.97,
BW,45L3D,,5,,6.21,
BW,45L3D,,6,,7.45,
BW,45L3D,,8,,9.94,
BW,45L3D,,10,,12.42,
BW,45L3D,,12,,14.9,
BW,45L3D,,14,,17.39,
BW,45L3D,,16,,19.87,
BW,45L3D,,18,,22.36,
BW,45L3D,,20,,24.84,
BW,45L3D,,24,,29.81,
BW,45L5D,,0.5,,1.04,
BW,45L5D,,0.75,,1.55,
BW,45L5D,,1,,2.07,
BW,45L5D,,1.25,,2.59,
BW,45L5D,,1.5,,3.11,
BW,45L5D,,2,,4.14,
BW,45L5D,,2.5,,5.18,
BW,45L5D,,3,,6.21,
BW,45L5D,,3.5,,7.25,
BW,45L5D,,4,,8.28,
BW,45L5D,,5,,10.36,
BW,45L5D,,6,,12.43,
BW,45L5D,,8,,16.57,
BW,45L5D,,10,,20.71,
BW,45L5D,,12,,24.85,
BW,45L5D,,14,,28.99,
BW,45L5D,,16,,33.14,
BW,45L5D,,18,,37.28,
BW,45L5D,,20,,41.42,
BW,45L5D,,24,,49.7,
GRV,CPLG,,0.5,,0,
GRV,CPLG,,0.75,,0,
GRV,CPLG,,1,,0,
GRV,CPLG,,1.25,,0,
GRV,CPLG,,2,,0,
GRV,CPLG,,2.5,,0,
GRV,CPLG,,3,,0,
GRV,CPLG,,4,,0,
GRV,CPLG,,5,,0,
GRV,CPLG,,6,,0,
GRV,CPLG,,8,,0,
GRV,CPLG,,10,,0,
THRD,NOL,3000,0.5,,3.5039,
THRD,NOL,3000,0.75,,3.5039,
THRD,NOL,3000,1,,3.5039,
THRD,NOL,3000,1.5,,3.5039,
THRD,NOL,3000,2,,3.5039,
SW,NOL,3000,0.5,,3.5039,
SW,NOL,3000,0.75,,3.5039,
SW,NOL,3000,1,,3.5039,
SW,NOL,3000,1.5,,3.5039,
SW,NOL,3000,2,,3.5039,
BW,NOL,3000,0.5,,3.5039,
BW,NOL,3000,0.75,,3.5039,
BW,NOL,3000,1,,3.5039,
BW,NOL,3000,1.5,,3.5039,
BW,NOL,3000,2,,3.5039,
THRD,NOL,6000,0.5,,3.5039,
THRD,NOL,6000,0.75,,3.5039,
THRD,NOL,6000,1,,3.5039,
THRD,NOL,6000,1.5,,3.5039,
THRD,NOL,6000,2,,3.5039,
SW,NOL,6000,0.5,,3.5039,
SW,NOL,6000,0.75,,3.5039,
SW,NOL,6000,1,,3.5039,
SW,NOL,6000,1.5,,3.5039,
SW,NOL,6000,2,,3.5039,
BW,NOL,6000,0.5,,3.5039,
BW,NOL,6000,0.75,,3.5039,
BW,NOL,6000,1,,3.5039,
BW,NOL,6000,1.5,,3.5039,
BW,NOL,6000,2,,3.5039,
BW,ELB,3000,0.25,,1.593,
BW,ELB,3000,0.375,,1.593,
BW,ELB,3000,0.5,,1.593,
BW,ELB,3000,0.75,,1.875,
BW,ELB,3000,1,,2.25,
BW,ELB,3000,1.25,,2.5,
BW,ELB,3000,1.5,,2.688,
BW,ELB,3000,2,,3.75,
BW,ELB,6000,0.25,,1.593,
BW,ELB,6000,0.375,,1.593,
BW,ELB,6000,0.5,,1.875,
BW,ELB,6000,0.75,,2.25,
BW,ELB,6000,1,,2.5,
BW,ELB,6000,1.25,,2.688,
BW,ELB,6000,1.5,,3.25,
THRD,ELB,3000,0.25,,0.956,
THRD,ELB,3000,0.375,,0.956,
THRD,ELB,3000,0.5,,0.956,
THRD,ELB,3000,0.75,,1.125,
THRD,ELB,3000,1,,1.35,
THRD,ELB,3000,1.25,,1.5,
THRD,ELB,3000,1.5,,1.613,
THRD,ELB,3000,2,,2.25,
THRD,ELB,6000,0.25,,0.956,
THRD,ELB,6000,0.375,,0.956,
THRD,ELB,6000,0.5,,1.125,
THRD,ELB,6000,0.75,,1.35,
THRD,ELB,6000,1,,1.5,
THRD,ELB,6000,1.25,,1.613,
THRD,ELB,6000,1.5,,1.95,
SW,ELB,3000,0.25,,1.274,
SW,ELB,3000,0.375,,1.274,
SW,ELB,3000,0.5,,1.274,
SW,ELB,3000,0.75,,1.5,
SW,ELB,3000,1,,1.8,
SW,ELB,3000,1.25,,2,
SW,ELB,3000,1.5,,2.15,
SW,ELB,3000,2,,3,
SW,ELB,6000,0.25,,1.274,
SW,ELB,6000,0.375,,1.274,
SW,ELB,6000,0.5,,1.5,
SW,ELB,6000,0.75,,1.8,
SW,ELB,6000,1,,2,
SW,ELB,6000,1.25,,2.15,
SW,ELB,6000,1.5,,2.6,
BW,LOL,STD,0.25,,1.563,
BW,LOL,STD,0.375,,1.563,
BW,LOL,STD,0.5,,1.563,
BW,LOL,STD,0.75,,1.906,
BW,LOL,STD,1,,2.187,
BW,LOL,STD,1.25,,2.469,
BW,LOL,STD,1.5,,2.625,
BW,LOL,STD,2,,3.406,
BW,LOL,STD,2.5,,3.156,
BW,LOL,STD,3,,3.781,
BW,LOL,STD,4,,4.563,
BW,LOL,XS,0.25,,1.563,
BW,LOL,XS,0.375,,1.563,
BW,LOL,XS,0.5,,1.563,
BW,LOL,XS,0.75,,1.906,
BW,LOL,XS,1,,2.187,
BW,LOL,XS,1.25,,2.469,
BW,LOL,XS,1.5,,2.625,
BW,LOL,XS,2,,3.406,
BW,LOL,XS,2.5,,3.156,
BW,LOL,XS,3,,3.781,
BW,LOL,XS,4,,4.563,
THRD,LOL,3000,0.25,,1.563,
THRD,LOL,3000,0.375,,1.563,
THRD,LOL,3000,0.5,,1.563,
THRD,LOL,3000,0.75,,1.906,
THRD,LOL,3000,1,,2.187,
THRD,LOL,3000,1.25,,2.937,
THRD,LOL,3000,1.5,,2.625,
THRD,LOL,3000,2,,3.156,
SW,LOL,3000,0.25,,1.563,
SW,LOL,3000,0.375,,1.563,
SW,LOL,3000,0.5,,1.563,
SW,LOL,3000,0.75,,1.906,
SW,LOL,3000,1,,2.187,
SW,LOL,3000,1.25,,2.937,
SW,LOL,3000,1.5,,2.625,
SW,LOL,3000,2,,3.156,
THRD,LOL,6000,0.25,,1.563,
THRD,LOL,6000,0.375,,1.563,
THRD,LOL,6000,0.5,,1.906,
THRD,LOL,6000,0.75,,2.187,
THRD,LOL,6000,1,,2.469,
THRD,LOL,6000,1.25,,2.625,
THRD,LOL,6000,1.5,,3.156,
THRD,LOL,6000,2,,3.156,
SW,LOL,6000,0.25,,1.563,
SW,LOL,6000,0.375,,1.563,
SW,LOL,6000,0.5,,1.906,
SW,LOL,6000,0.75,,2.187,
SW,LOL,6000,1,,2.469,
SW,LOL,6000,1.25,,2.625,
SW,LOL,6000,1.5,,3.156,
SW,LOL,6000,2,,3.156,
THRD,90L,2000,0.125,,0.827,
THRD,TEE,2000,0.125,0.125,0.827,0.827
THRD,CROSS,2000,0.125,0.125,0.827,0.827
THRD,45L,2000,0.125,,0.669,
THRD,90L,2000,0.25,,0.827,
THRD,TEE,2000,0.25,0.25,0.827,0.827
THRD,CROSS,2000,0.25,0.25,0.827,0.827
THRD,45L,2000,0.25,,0.669,
THRD,90L,2000,0.375,,0.984,
THRD,TEE,2000,0.375,0.375,0.984,0.984
THRD,CROSS,2000,0.375,0.375,0.984,0.984
THRD,45L,2000,0.375,,0.748,
THRD,90L,2000,0.5,,1.102,
THRD,TEE,2000,0.5,0.5,1.102,1.102
THRD,CROSS,2000,0.5,0.5,1.102,1.102
THRD,45L,2000,0.5,,0.866,
THRD,90L,2000,0.75,,1.299,
THRD,TEE,2000,0.75,0.75,1.299,1.299
THRD,CROSS,2000,0.75,0.75,1.299,1.299
THRD,45L,2000,0.75,,0.984,
THRD,90L,2000,1,,1.496,
THRD,TEE,2000,1,1,1.496,1.496
THRD,CROSS,2000,1,1,1.496,1.496
THRD,45L,2000,1,,1.102,
THRD,90L,2000,1.25,,1.732,
THRD,TEE,2000,1.25,1.25,1.732,1.732
THRD,CROSS,2000,1.25,1.25,1.732,1.732
THRD,45L,2000,1.25,,1.299,
THRD,90L,2000,1.5,,2.008,
THRD,TEE,2000,1.5,1.5,2.008,2.008
THRD,CROSS,2000,1.5,1.5,2.008,2.008
THRD,45L,2000,1.5,,1.378,
THRD,90L,2000,2,,2.362,
THRD,TEE,2000,2,2,2.362,2.362
THRD,CROSS,2000,2,2,2.362,2.362
THRD,45L,2000,2,,1.693,
THRD,90L,2000,2.5,,2.992,
THRD,TEE,2000,2.5,2.5,2.992,2.992
THRD,CROSS,2000,2.5,2.5,2.992,2.992
THRD,45L,2000,2.5,,2.047,
THRD,90L,2000,3,,3.386,
THRD,TEE,2000,3,3,3.386,3.386
THRD,CROSS,2000,3,3,3.386,3.386
THRD,45L,2000,3,,2.52,
THRD,90L,2000,4,,4.173,
THRD,TEE,2000,4,4,4.173,4.173
THRD,CROSS,2000,4,4,4.173,4.173
THRD,45L,2000,4,,2.52,
THRD,90L,3000,0.125,,0.827,
THRD,TEE,3000,0.125,0.125,0.827,0.827
THRD,CROSS,3000,0.125,0.125,0.827,0.827
THRD,45L,3000,0.125,,0.669,
THRD,90L,3000,0.25,,0.984,
THRD,TEE,3000,0.25,0.25,0.984,0.984
THRD,CROSS,3000,0.25,0.25,0.984,0.984
THRD,45L,3000,0.25,,0.748,
THRD,90L,3000,0.375,,1.102,
THRD,TEE,3000,0.375,0.375,1.102,1.102
THRD,CROSS,3000,0.375,0.375,1.102,1.102
THRD,45L,3000,0.375,,0.866,
THRD,90L,3000,0.5,,1.299,
THRD,TEE,3000,0.5,0.5,1.299,1.299
THRD,CROSS,3000,0.5,0.5,1.299,1.299
THRD,45L,3000,0.5,,0.984,
THRD,90L,3000,0.75,,1.496,
THRD,TEE,3000,0.75,0.75,1.496,1.496
THRD,CROSS,3000,0.75,0.75,1.496,1.496
THRD,45L,3000,0.75,,1.102,
THRD,90L,3000,1,,1.732,
THRD,TEE,3000,1,1,1.732,1.732
THRD,CROSS,3000,1,1,1.732,1.732
THRD,45L,3000,1,,1.299,
THRD,90L,3000,1.25,,2.008,
THRD,TEE,3000,1.25,1.25,2.008,2.008
THRD,CROSS,3000,1.25,1.25,2.008,2.008
THRD,45L,3000,1.25,,1.378,
THRD,90L,3000,1.5,,2.362,
THRD,TEE,3000,1.5,1.5,2.362,2.362
THRD,CROSS,3000,1.5,1.5,2.362,2.362
THRD,45L,3000,1.5,,1.693,
THRD,90L,3000,2,,2.52,
THRD,TEE,3000,2,2,2.52,2.52
THRD,CROSS,3000,2,2,2.52,2.52
THRD,45L,3000,2,,1.732,
THRD,90L,3000,2.5,,3.268,
THRD,TEE,3000,2.5,2.5,3.268,3.268
THRD,CROSS,3000,2.5,2.5,3.268,3.268
THRD,45L,3000,2.5,,2.047,
THRD,90L,3000,3,,3.74,
THRD,TEE,3000,3,3,3.74,3.74
THRD,CROSS,3000,3,3,3.74,3.74
THRD,45L,3000,3,,2.52,
THRD,90L,3000,4,,4.173,
THRD,TEE,3000,4,4,4.173,4.173
THRD,CROSS,3000,4,4,4.173,4.173
THRD,45L,3000,4,,3.11,
THRD,90L,6000,0.125,,0.984,
THRD,TEE,6000,0.125,0.125,0.984,0.984
THRD,CROSS,6000,0.125,0.125,0.984,0.984
THRD,45L,6000,0.125,,0.748,
THRD,90L,6000,0.25,,1.102,
THRD,TEE,6000,0.25,0.25,1.102,1.102
THRD,CROSS,6000,0.25,0.25,1.102,1.102
THRD,45L,6000,0.25,,0.866,
THRD,90L,6000,0.375,,1.299,
THRD,TEE,6000,0.375,0.375,1.299,1.299
THRD,CROSS,6000,0.375,0.375,1.299,1.299
THRD,45L,6000,0.375,,0.866,
THRD,90L,6000,0.5,,1.496,
THRD,TEE,6000,0.5,0.5,1.496,1.496
THRD,CROSS,6000,0.5,0.5,1.496,1.496
THRD,45L,6000,0.5,,0.984,
THRD,90L,6000,0.75,,1.732,
THRD,TEE,6000,0.75,0.75,1.732,1.732
THRD,CROSS,6000,0.75,0.75,1.732,1.732
THRD,45L,6000,0.75,,1.102,
THRD,90L,6000,1,,2.008,
THRD,TEE,6000,1,1,2.008,2.008
THRD,CROSS,6000,1,1,2.008,2.008
THRD,45L,6000,1,,1.378,
THRD,90L,6000,1.25,,2.362,
THRD,TEE,6000,1.25,1.25,2.362,2.362
THRD,CROSS,6000,1.25,1.25,2.362,2.362
THRD,45L,6000,1.25,,1.693,
THRD,90L,6000,1.5,,2.52,
THRD,TEE,6000,1.5,1.5,2.52,2.52
THRD,CROSS,6000,1.5,1.5,2.52,2.52
THRD,45L,6000,1.5,,1.732,
THRD,90L,6000,2,,3.268,
THRD,TEE,6000,2,2,3.268,3.268
THRD,CROSS,6000,2,2,3.268,3.268
THRD,45L,6000,2,,2.047,
THRD,90L,6000,2.5,,3.74,
THRD,TEE,6000,2.5,2.5,3.74,3.74
THRD,CROSS,6000,2.5,2.5,3.74,3.74
THRD,45L,6000,2.5,,2.52,
THRD,90L,6000,3,,4.173,
THRD,TEE,6000,3,3,4.173,4.173
THRD,CROSS,6000,3,3,4.173,4.173
THRD,45L,6000,3,,3.11,
THRD,90L,6000,4,,4.488,
THRD,TEE,6000,4,4,4.488,4.488
THRD,CROSS,6000,4,4,4.488,4.488
THRD,45L,6000,4,,3.11,
THRD,CPL,3000,0.125,,1.26,
THRD,CPL,3000,0.25,,1.378,
THRD,CPL,3000,0.375,,1.496,
THRD,CPL,3000,0.5,,1.89,
THRD,CPL,3000,0.75,,2.008,
THRD,CPL,3000,1,,2.362,
THRD,CPL,3000,1.25,,2.638,
THRD,CPL,3000,1.5,,3.11,
THRD,CPL,3000,2,,3.386,
THRD,CPL,3000,2.5,,3.622,
THRD,CPL,3000,3,,4.252,
THRD,CPL,3000,4,,4.764,
THRD,CPL,6000,0.125,,1.26,
THRD,CPL,6000,0.25,,1.378,
THRD,CPL,6000,0.375,,1.496,
THRD,CPL,6000,0.5,,1.89,
THRD,CPL,6000,0.75,,2.008,
THRD,CPL,6000,1,,2.362,
THRD,CPL,6000,1.25,,2.638,
THRD,CPL,6000,1.5,,3.11,
THRD,CPL,6000,2,,3.386,
THRD,CPL,6000,2.5,,3.622,
THRD,CPL,6000,3,,4.252,
THRD,CPL,6000,4,,4.764,
THRD,CAP,3000,0.125,,0.748,
THRD,CAP,3000,0.25,,0.984,
THRD,CAP,3000,0.375,,0.984,
THRD,CAP,3000,0.5,,1.26,
THRD,CAP,3000,0.75,,1.457,
THRD,CAP,3000,1,,1.614,
THRD,CAP,3000,1.25,,1.732,
THRD,CAP,3000,1.5,,1.732,
THRD,CAP,3000,2,,1.89,
THRD,CAP,3000,2.5,,2.362,
THRD,CAP,3000,3,,2.559,
THRD,CAP,3000,4,,2.677,
THRD,CAP,6000,0.25,,1.063,
THRD,CAP,6000,0.375,,1.063,
THRD,CAP,6000,0.5,,1.299,
THRD,CAP,6000,0.75,,1.496,
THRD,CAP,6000,1,,1.693,
THRD,CAP,6000,1.25,,1.811,
THRD,CAP,6000,1.5,,1.89,
THRD,CAP,6000,2,,2.008,
THRD,CAP,6000,2.5,,2.52,
THRD,CAP,6000,3,,2.677,
THRD,CAP,6000,4,,2.953,
THRD,UN,,0.125,,0.815,
THRD,UN,,0.25,,0.815,
THRD,UN,,0.375,,0.906,
THRD,UN,,0.5,,0.965,
THRD,UN,,0.75,,1.12,
THRD,UN,,1,,1.22,
THRD,UN,,1.25,,1.4,
THRD,UN,,1.5,,1.506,
THRD,UN,,2,,1.695,
THRD,UN,,2.5,,2.016,
THRD,UN,,3,,2.146,
BW,SWG,,0.5,,2.75,
BW,SWG,,0.75,,3,
BW,SWG,,1,,3.5,
BW,SWG,,1.5,,4.5,
BW,SWG,,2,,6.5,
BW,SWG,,3,,8,
BW,SWG,,4,,9,
BW,SWG,,6,,12,
BW,SWG,,8,,13,
BW,SWG,,10,,15,
BW,SWG,,12,,16,
SW,SWG,,0.5,,1.65,
SW,SWG,,0.75,,1.8,
SW,SWG,,1,,2.1,
SW,SWG,,1.5,,2.7,
SW,SWG,,2,,3.9,
SW,SWG,,3,,4.8,
SW,SWG,,4,,5.4,
SW,SWG,,6,,7.2,
SW,SWG,,8,,7.8,
SW,SWG,,10,,9,
SW,SWG,,12,,9.6,
THRD,SWG,,0.5,,1.65,
THRD,SWG,,0.75,,1.8,
THRD,SWG,,1,,2.1,
THRD,SWG,,1.5,,2.7,
THRD,SWG,,2,,3.9,
THRD,SWG,,3,,4.8,
THRD,SWG,,4,,5.4,
THRD,SWG,,6,,7.2,
THRD,SWG,,8,,7.8,
THRD,SWG,,10,,9,
THRD,SWG,,12,,9.6,
GRV,TEE,,0.75,0.75,2.25,2.25
GRV,TEE,,1,1,2.25,2.25
GRV,TEE,,1.25,1.25,2.75,2.75
GRV,TEE,,1.5,1.5,2.75,2.75
GRV,TEE,,2,2,3.25,3.25
GRV,TEE,,2.5,2.5,3.75,3.75
GRV,TEE,,3,3,4.25,4.25
GRV,TEE,,3.5,3.5,4.5,4.5
GRV,TEE,,4,4,5,5
GRV,TEE,,5,5,5.5,5.5
GRV,TEE,,6,6,6.5,6.5
GRV,TEE,,8,8,7.75,7.75
GRV,TEE,,10,10,9,9
GRV,TEE,,12,12,10,10
GRV,TEE,,14,14,11,11
GRV,TEE,,16,16,12,12
GRV,TEE,,18,18,15.5,15.5
GRV,TEE,,20,20,17.25,17.25
GRV,TEE,,22,22,19,19
GRV,TEE,,24,24,20,20
SW,FLGA,,2,,6.67,
SW,FLGA,,2.5,,7.36,
SW,FLGA,,3,,7.86,
SW,FLGA,,4,,9.36,
SW,FLGA,,6,,11.39,
SW,FLGA,,8,,13.5,
SW,FLGA,,10,,16.5,
SW,FLGA,,12,,19.5,
BW,FLGA,,2,,6.67,
BW,FLGA,,2.5,,7.36,
BW,FLGA,,3,,7.86,
BW,FLGA,,4,,9.36,
BW,FLGA,,6,,11.39,
BW,FLGA,,8,,13.5,
BW,FLGA,,10,,16.5,
BW,FLGA,,12,,19.5,
GRV,FLGA,,0.75,,3,
GRV,FLGA,,1,,3,
GRV,FLGA,,1.25,,4,
GRV,FLGA,,1.5,,4,
GRV,FLGA,,2,,4,
GRV,FLGA,,2.5,,4,
GRV,FLGA,,3,,4,
GRV,FLGA,,3.5,,4,
GRV,FLGA,,4,,6,
GRV,FLGA,,5,,6,
GRV,FLGA,,6,,6,
GRV,FLGA,,8,,6,
GRV,FLGA,,10,,8,
GRV,FLGA,,12,,8,
GRV,FLGA,,14,,8,
GRV,FLGA,,16,,8,
GRV,FLGA,,18,,8,
GRV,FLGA,,20,,8,
GRV,FLGA,,22,,8,
GRV,FLGA,,24,,8,
SW,CAP,,0.5,,1,
SW,CAP,,0.75,,1.5,
SW,CAP,,1,,1.5,
SW,CAP,,1.5,,1.5,
SW,CAP,,2,,1.5,
SW,CAP,,3,,2,
SW,CAP,,4,,2.5,
SW,CAP,,6,,3.5,
SW,CAP,,8,,4,
SW,CAP,,10,,5,
SW,CAP,,12,,6,
SW,CAP,,14,,6.5,
SW,CAP,,16,,7,
SW,CAP,,18,,8,
SW,CAP,,20,,9,
SW,CAP,,24,,10.5,
SW,CAP,,30,,10.5,
BW,FLGO,300,1,,3.25,
BW,FLGO,300,1.5,,3.375,
BW,FLGO,300,2,,3.375,
BW,FLGO,300,3,,3.5,
BW,FLGO,300,4,,3.625,
BW,FLGO,300,6,,3.9375,
BW,FLGO,300,8,,4.375,
BW,FLGO,300,10,,4.625,
BW,FLGO,300,12,,5.125,
BW,FLGO,300,14,,5.625,
BW,FLGO,300,16,,5.75,
BW,FLGO,300,18,,6.25,
BW,FLGO,300,20,,6.375,
BW,FLGO,300,24,,6.625,
SW,UN,,0.125,,0.815,
SW,UN,,0.25,,0.815,
SW,UN,,0.375,,0.906,
SW,UN,,0.5,,0.965,
SW,UN,,0.75,,1.12,
SW,UN,,1,,1.22,
SW,UN,,1.25,,1.4,
SW,UN,,1.5,,1.506,
SW,UN,,2,,1.695,
SW,UN,,2.5,,2.016,
SW,UN,,3,,2.146,
BW,FLG,150,0.5,,1.875,
BW,FLG,150,0.75,,2.0625,
BW,FLG,150,1,,2.1875,
BW,FLG,150,1.5,,2.4375,
BW,FLG,150,2,,2.5,
BW,FLG,150,3,,2.75,
BW,FLG,150,4,,3,
BW,FLG,150,6,,3.5,
BW,FLG,150,8,,4,
BW,FLG,150,10,,4,
BW,FLG,150,12,,4.5,
BW,FLG,150,14,,5,
BW,FLG,150,16,,5,
BW,FLG,150,18,,5.5,
BW,FLG,150,20,,5.6875,
BW,FLG,150,24,,6,
BW,FLG,150,30,,5.125,
BW,FLG,300,0.5,,2.0625,
BW,FLG,300,0.75,,2.25,
BW,FLG,300,1,,2.4375,
BW,FLG,300,1.5,,2.6875,
BW,FLG,300,2,,2.75,
BW,FLG,300,3,,3.125,
BW,FLG,300,4,,3.375,
BW,FLG,300,6,,3.875,
BW,FLG,300,8,,4.375,
BW,FLG,300,10,,4.625,
BW,FLG,300,12,,5.125,
BW,FLG,300,14,,5.625,
BW,FLG,300,16,,5.75,
BW,FLG,300,18,,6.25,
BW,FLG,300,20,,6.375,
BW,FLG,300,24,,6.625,
BW,FLG,300,30,,8.25,
BW,FLG,600,0.5,,2.3125,
BW,FLG,600,0.75,,2.5,
BW,FLG,600,1,,2.6875,
BW,FLG,600,1.5,,3,
BW,FLG,600,2,,3.125,
BW,FLG,600,3,,3.5,
BW,FLG,600,4,,4.25,
BW,FLG,600,6,,4.875,
BW,FLG,600,8,,5.5,
BW,FLG,600,10,,6.5,
BW,FLG,600,12,,6.375,
BW,FLG,600,14,,6.75,
BW,FLG,600,16,,7.25,
BW,FLG,600,18,,7.5,
BW,FLG,600,20,,7.75,
BW,FLG,600,24,,8.25,
BW,FLG,600,30,,10,
BW,FLG,900,3,,4.25,
BW,FLG,900,4,,4.75,
BW,FLG,900,6,,5.75,
BW,FLG,900,8,,6.625,
BW,FLG,900,10,,7.5,
BW,FLG,900,12,,8.125,
BW,FLG,900,14,,8.625,
BW,FLG,900,16,,8.75,
BW,FLG,900,18,,9.25,
BW,FLG,900,20,,10,
BW,FLG,900,24,,11.75,
BW,FLG,1500,0.5,,2.625,
BW,FLG,1500,0.75,,3,
BW,FLG,1500,1,,3.125,
BW,FLG,1500,1.5,,3.5,
BW,FLG,1500,2,,4.25,
BW,FLG,1500,3,,4.875,
BW,FLG,1500,4,,5.125,
BW,FLG,1500,6,,7,
BW,FLG,1500,8,,8.625,
BW,FLG,1500,10,,10.25,
BW,FLG,1500,12,,11.375,
BW,FLG,1500,14,,12,
BW,FLG,1500,16,,12.5,
BW,FLG,1500,18,,13.125,
BW,FLG,1500,20,,14.25,
BW,FLG,1500,24,,16.25,
SW,FLG,150,0.5,,0.375,
SW,FLG,150,0.75,,0.3125,
SW,FLG,150,1,,0.3125,
SW,FLG,150,1.25,,0.375,
SW,FLG,150,1.5,,0.375,
SW,FLG,150,2,,0.4375,
SW,FLG,300,0.5,,0.625,
SW,FLG,300,0.75,,0.6875,
SW,FLG,300,1,,0.6875,
SW,FLG,300,1.25,,0.625,
SW,FLG,300,1.5,,0.6875,
SW,FLG,300,2,,0.75,
SW,FLG,600,0.5,,0.875,
SW,FLG,600,0.75,,0.9375,
SW,FLG,600,1,,0.9375,
SW,FLG,600,1.25,,0.9375,
SW,FLG,600,1.5,,1,
SW,FLG,600,2,,1.125,
SW,FLG,900,0.5,,1.25,
SW,FLG,900,0.75,,1.3125,
SW,FLG,900,1,,1.5,
SW,FLG,900,1.25,,1.4375,
SW,FLG,900,1.5,,1.5,
SW,FLG,900,2,,1.9375,
SW,FLG,1500,0.5,,1.25,
SW,FLG,1500,0.75,,1.3125,
SW,FLG,1500,1,,1.5,
SW,FLG,1500,1.25,,1.4375,
SW,FLG,1500,1.5,,1.5,
SW,FLG,1500,2,,1.9375,
BW,STUB,,0.5,,3,
BW,STUB,,0.75,,3,
BW,STUB,,1,,4,
BW,STUB,,1.25,,4,
BW,STUB,,1.5,,4,
BW,STUB,,2,,6,
BW,STUB,,2.5,,6,
BW,STUB,,3,,6,
BW,STUB,,3.5,,6,
BW,STUB,,4,,6,
BW,STUB,,5,,8,
BW,STUB,,6,,8,
BW,STUB,,8,,8,
BW,STUB,,10,,10,
BW,STUB,,12,,10,
BW,STUB,,14,,12,
BW,STUB,,16,,12,
BW,STUB,,18,,12,
BW,STUB,,20,,12,
BW,STUB,,24,,12,
BW,FLG,2500,0.5,,2.882,
BW,FLG,2500,0.75,,3.118,
BW,FLG,2500,1,,3.5,
BW,FLG,2500,1.25,,3.752,
BW,FLG,2500,1.5,,4.382,
BW,FLG,2500,2,,5,
BW,FLG,2500,2.5,,5.618,
BW,FLG,2500,3,,6.618,
BW,FLG,2500,4,,7.5,
BW,FLG,2500,5,,9,
BW,FLG,2500,6,,10.752,
BW,FLG,2500,8,,12.5,
BW,FLG,2500,10,,16.5,
BW,FLG,2500,12,,18.252,
BW,FLGO,300,2.5,,3.5,
BW,FLGO,300,28,,6.25,
BW,FLGO,600,1,,3.19,
BW,FLGO,600,1.5,,3.32,
BW,FLGO,600,2,,3.32,
BW,FLGO,600,2.5,,3.44,
BW,FLGO,600,3,,3.44,
BW,FLGO,600,4,,4,
BW,FLGO,600,6,,4.62,
BW,FLGO,600,8,,5.25,
BW,FLGO,600,10,,6,
BW,FLGO,600,12,,6.12,
BW,FLGO,600,14,,6.5,
BW,FLGO,600,16,,7,
BW,FLGO,600,18,,7.25,
BW,FLGO,600,20,,7.5,
BW,FLGO,600,24,,8,
BW,FLGO,900,3,,4,
BW,FLGO,900,4,,4.5,
BW,FLGO,900,6,,5.5,
BW,FLGO,900,8,,6.38,
BW,FLGO,900,10,,7.25,
BW,FLGO,900,12,,7.88,
BW,FLGO,900,14,,8.38,
BW,FLGO,900,16,,8.5,
BW,FLGO,900,18,,9,
BW,FLGO,900,20,,9.75,
BW,FLGO,900,24,,11.5,
BW,FLGO,1500,1,,3.25,
BW,FLGO,1500,1.5,,3.5,
BW,FLGO,1500,2,,4,
BW,FLGO,1500,2.5,,4.12,
BW,FLGO,1500,3,,4.62,
BW,FLGO,1500,4,,4.88,
BW,FLGO,1500,6,,6.75,
BW,FLGO,1500,8,,8.38,
BW,FLGO,1500,10,,10,
BW,FLGO,1500,12,,11.12,
BW,FLGO,1500,14,,11.75,
BW,FLGO,1500,16,,12.25,
BW,FLGO,1500,18,,12.88,
BW,FLGO,1500,20,,14,
BW,FLGO,1500,24,,16,
BW,FLGO,2500,1,,3.62,
BW,FLGO,2500,1.5,,4.38,
BW,FLGO,2500,2,,5,
BW,FLGO,2500,2.5,,5.62,
BW,FLGO,2500,3,,6.62,
BW,FLGO,2500,4,,7.5,
BW,FLGO,2500,6,,10.75,
BW,FLGO,2500,8,,12.5,
BW,FLGO,2500,10,,16.5,
BW,FLGO,2500,12,,18.25,
THRD,TOL,3000,0.5,,0.6299,
THRD,TOL,3000,0.75,,0.6299,
THRD,TOL,3000,1,,0.8661,
THRD,TOL,3000,1.5,,0.9449,
THRD,TOL,3000,2,,0.9449,
THRD,TOL,3000,2.5,,0.9843,
THRD,TOL,3000,3,,1.1811,
THRD,TOL,3000,4,,1.1811,
THRD,TOL,6000,0.5,,0.9449,
THRD,TOL,6000,0.75,,0.9843,
THRD,TOL,6000,1,,1.1024,
THRD,TOL,6000,1.5,,1.2598,
THRD,TOL,6000,2,,1.4567,
THRD,TOL,6000,2.5,,1.811,
THRD,TOL,6000,3,,2.0079,
THRD,TOL,6000,4,,2.2441,
THRD,TOL,9000,0.5,,1.25,
THRD,TOL,9000,0.75,,1.4375,
THRD,TOL,9000,1,,1.5625,
THRD,TOL,9000,1.25,,1.625,
THRD,TOL,9000,1.5,,1.6875,
THRD,TOL,9000,2,,2.0625,
SW,SOL,9000,0.5,,1.25,
SW,SOL,9000,0.75,,1.4375,
SW,SOL,9000,1,,1.5625,
SW,SOL,9000,1.25,,1.625,
SW,SOL,9000,1.5,,1.6875,
SW,SOL,9000,2,,2.0625,
BW,VBL,150,0.5,,4.252,
BW,VBL,150,0.75,,4.6063,
BW,VBL,150,1,,5,
BW,VBL,150,1.25,,5.5118,
BW,VBL,150,1.5,,6.4961,
BW,VBL,150,2,,7.0079,
BW,VBL,150,2.5,,7.4803,
BW,VBL,150,3,,7.9921,
BW,VBL,150,4,,9.0157,
BW,VBL,150,6,,15.5118,
BW,VBL,150,8,,17.9921,
BW,VBL,150,10,,20.9843,
BW,VBL,150,12,,24.0157,
BW,VBL,150,14,,27.0079,
BW,VBL,300,0.5,,5.5118,
BW,VBL,300,0.75,,5.9843,
BW,VBL,300,1,,6.4961,
BW,VBL,300,1.25,,7.0079,
BW,VBL,300,1.5,,7.4803,
BW,VBL,300,2,,8.5039,
BW,VBL,300,2.5,,9.4882,
BW,VBL,300,3,,11.1024,
BW,VBL,300,4,,12.0079,
BW,VBL,300,6,,15.8661,
BW,VBL,300,8,,19.7638,
BW,VBL,300,10,,22.3622,
BW,VBL,300,12,,25.5118,
BW,VBL,300,14,,30,
BW,VBL,300,16,,32.9921,
BW,VBL,300,18,,35.9843,
BW,VBL,300,20,,39.0157,
BW,VBL,300,24,,45,
BW,VBL,600,0.5,,6.4961,
BW,VBL,600,0.75,,7.4803,
BW,VBL,600,1,,8.5039,
BW,VBL,600,1.25,,9.0157,
BW,VBL,600,1.5,,9.4882,
BW,VBL,600,2,,11.4961,
BW,VBL,600,2.5,,12.9921,
BW,VBL,600,3,,14.0157,
BW,VBL,600,4,,17.0079,
BW,VBL,600,6,,22.0079,
BW,VBL,600,8,,25.9843,
BW,VBL,600,10,,30.9843,
BW,VBL,600,12,,32.9921,
BW,VBL,600,14,,35,
BW,VBL,600,16,,39.0157,
BW,VBL,600,18,,42.9921,
BW,VBL,600,20,,47.0079,
BW,VBL,600,22,,50.9843,
BW,VBL,600,24,,55,
BW,VBL,1000,0.5,,2.36,
BW,VBL,1000,0.75,,2.75,
BW,VBL,1000,1,,3.25,
BW,VBL,1000,1.25,,3.8,
BW,VBL,1000,1.5,,4.33,
BW,VBL,1000,2,,5.27,
BW,VBL,1000,2.5,,6.58,
BW,VBL,1000,3,,7.55,
SW,VBL,150,2.5,,9.4882,
SW,VBL,150,3,,11.1024,
SW,VBL,150,4,,12.0079,
SW,VBL,150,6,,15.8661,
SW,VBL,150,8,,16.4961,
SW,VBL,150,10,,17.9921,
SW,VBL,150,12,,19.7638,
SW,VBL,300,0.5,,5.5118,
SW,VBL,300,0.75,,5.9843,
SW,VBL,300,1,,6.4961,
SW,VBL,300,1.25,,7.0079,
SW,VBL,300,1.5,,7.4803,
SW,VBL,300,2,,8.5039,
SW,VBL,300,2.5,,9.4882,
SW,VBL,300,3,,11.1024,
SW,VBL,300,4,,12.0079,
SW,VBL,600,3,,14.0157,
SW,VBL,600,4,,17.0079,
SW,VBL,600,6,,22.0079,
SW,VBL,600,8,,25.9843,
SW,VBL,600,10,,30.9843,
SW,VBL,600,12,,32.9921,
SW,VBL,600,14,,35,
SW,VBL,600,16,,39.0157,
SW,VBL,600,18,,42.9921,
SW,VBL,600,20,,47.0079,
SW,VBL,600,22,,50.9843,
SW,VBL,600,24,,55,
SW,VBL,1000,0.5,,2.36,
SW,VBL,1000,0.75,,2.75,
SW,VBL,1000,1,,3.25,
SW,VBL,1000,1.25,,3.8,
SW,VBL,1000,1.5,,4.33,
SW,VBL,1000,2,,5.27,
SW,VBL,1000,2.5,,6.58,
SW,VBL,1000,3,,7.55,
THRD,VBL,150,0.5,,5.5118,
THRD,VBL,150,0.75,,5.9843,
THRD,VBL,150,1,,6.4961,
THRD,VBL,150,1.25,,7.0079,
THRD,VBL,150,1.5,,7.4803,
THRD,VBL,150,2,,8.5039,
THRD,VBL,300,6,,15.8661,
THRD,VBL,300,8,,16.4961,
THRD,VBL,300,10,,17.9921,
THRD,VBL,300,12,,19.7638,
THRD,VBL,300,14,,22.5197,
THRD,VBL,300,16,,24.0157,
THRD,VBL,300,18,,25.9843,
THRD,VBL,300,20,,27.9921,
THRD,VBL,300,24,,31.9685,
THRD,VBL,600,0.5,,6.4961,
THRD,VBL,600,0.75,,7.4803,
THRD,VBL,600,1,,8.5039,
THRD,VBL,600,1.25,,9.0157,
THRD,VBL,600,1.5,,9.4882,
THRD,VBL,600,2,,11.4961,
THRD,VBL,600,2.5,,12.9921,
SW,VBLL,150,1.5,,7.4803,
SW,VBLL,150,2,,8.5039,
SW,VBLL,150,2.5,,9.4882,
SW,VBLL,150,3,,11.1024,
SW,VBLL,150,4,,12.0079,
SW,VBLL,150,6,,17.9921,
SW,VBLL,150,8,,20.5118,
SW,VBLL,150,10,,22.0079,
SW,VBLL,150,12,,25,
SW,VBLL,150,14,,30,
SW,VBLL,150,16,,32.9921,
SW,VBLL,300,1.5,,7.4803,
SW,VBLL,300,2,,8.5039,
SW,VBLL,300,2.5,,9.4882,
SW,VBLL,300,3,,11.1024,
SW,VBLL,300,4,,12.0079,
THRD,VBLL,300,6,,17.9921,
THRD,VBLL,300,8,,20.5118,
THRD,VBLL,300,10,,22.0079,
THRD,VBLL,300,12,,25,
THRD,VBLL,300,14,,30,
THRD,VBLL,300,16,,32.9921,
THRD,VBLL,300,18,,35.9843,
THRD,VBLL,300,20,,39.0157,
THRD,VBLL,300,22,,42.9921,
THRD,VBLL,300,24,,45,
BW,VCK,150,6,,15.9843,
BW,VCK,150,8,,19.4882,
BW,VCK,150,10,,24.4882,
BW,VCK,150,12,,27.4803,
BW,VCK,300,0.5,,5.9843,
BW,VCK,300,0.75,,7.0079,
BW,VCK,300,1,,7.9921,
BW,VCK,300,1.25,,8.5039,
BW,VCK,300,1.5,,9.0157,
BW,VCK,300,2,,10.5118,
BW,VCK,300,2.5,,11.4961,
BW,VCK,300,3,,12.5197,
BW,VCK,300,4,,14.0157,
BW,VCK,300,5,,15.748,
BW,VCK,300,6,,17.4803,
BW,VCK,300,8,,22.0079,
BW,VCK,300,10,,24.4882,
BW,VCK,300,12,,27.9921,
BW,VCK,600,0.5,,6.4961,
BW,VCK,600,0.75,,7.4803,
BW,VCK,600,1,,8.5039,
BW,VCK,600,1.25,,9.0157,
BW,VCK,600,1.5,,9.4882,
BW,VCK,600,2,,11.4961,
BW,VCK,600,2.5,,12.9921,
BW,VCK,600,3,,14.0157,
BW,VCK,600,4,,17.0079,
BW,VCK,600,5,,20,
BW,VCK,600,6,,22.0079,
BW,VCK,600,8,,25.9843,
BW,VCK,600,10,,30.9843,
BW,VCK,600,12,,32.9921,
BW,VCK,600,14,,35,
BW,VCK,600,16,,39.0157,
BW,VCK,600,18,,42.9921,
BW,VCK,600,20,,47.0079,
BW,VCK,600,22,,50.9843,
BW,VCK,600,24,,55,
SW,VCK,150,0.5,,4.252,
SW,VCK,150,0.75,,4.6063,
SW,VCK,150,1,,5,
SW,VCK,150,1.25,,5.5118,
SW,VCK,150,1.5,,6.4961,
SW,VCK,150,2,,7.9921,
SW,VCK,150,2.5,,8.5039,
SW,VCK,150,3,,9.4882,
SW,VCK,150,4,,11.4961,
SW,VCK,150,5,,14.0157,
SW,VCK,800,0.25,,3.25,
SW,VCK,800,0.375,,3.25,
SW,VCK,800,0.5,,3.54,
SW,VCK,800,0.75,,3.54,
SW,VCK,800,1,,4.33,
SW,VCK,800,1.25,,5,
SW,VCK,800,1.5,,6.1,
SW,VCK,800,2,,6.69,
SW,VCK,1500,0.25,,3.14,
SW,VCK,1500,0.375,,3.14,
THRD,VCK,800,1,,4.33,
THRD,VCK,800,1.25,,5,
THRD,VCK,800,1.5,,6.1,
THRD,VCK,800,2,,6.69,
THRD,VCK,800,0.25,,3.25,
THRD,VCK,800,0.375,,3.25,
THRD,VCK,800,0.5,,3.54,
THRD,VCK,800,0.75,,3.54,
THRD,VCK,1500,0.25,,3.14,
THRD,VCK,1500,0.375,,3.14,
THRD,VCK,1500,0.5,,3.54,
THRD,VCK,1500,0.75,,4.33,
THRD,VCK,1500,1,,5,
THRD,VCK,1500,1.25,,6.1,
THRD,VCK,1500,1.5,,6.69,
THRD,VCK,1500,2,,8.26,
BW,VCKS,600,1,,5.2362,
BW,VCKS,600,1.25,,5.748,
BW,VCKS,600,1.5,,5.9843,
BW,VCKS,600,2,,7.0079,
BW,VCKS,600,2.5,,8.5039,
BW,VCKS,600,3,,10,
BW,VCKS,600,4,,12.0079,
BW,VCKS,600,5,,15,
BW,VCKS,600,6,,17.9921,
BW,VCKS,600,8,,22.9921,
BW,VCKS,600,10,,27.9921,
BW,VCKS,600,12,,32.0079,
BW,VGL,150,0.5,,4.252,
BW,VGL,150,0.75,,4.6063,
BW,VGL,150,1,,5,
BW,VGL,150,1.25,,5.5118,
BW,VGL,150,1.5,,6.4961,
BW,VGL,150,2,,7.9921,
BW,VGL,150,2.5,,8.5039,
BW,VGL,150,3,,9.4882,
BW,VGL,150,4,,11.4961,
BW,VGL,150,5,,14.0157,
BW,VGL,150,6,,15.9843,
BW,VGL,150,8,,19.4882,
BW,VGL,150,10,,24.4882,
BW,VGL,150,12,,27.4803,
BW,VGL,300,0.5,,5.9843,
BW,VGL,300,0.75,,7.0079,
BW,VGL,300,1,,7.9921,
BW,VGL,300,1.25,,8.5039,
BW,VGL,300,1.5,,9.0157,
BW,VGL,300,2,,10.5118,
BW,VGL,300,2.5,,11.4961,
BW,VGL,300,3,,12.5197,
BW,VGL,300,4,,14.0157,
BW,VGL,300,5,,15.748,
BW,VGL,300,6,,17.4803,
BW,VGL,300,8,,22.0079,
BW,VGL,300,10,,24.4882,
BW,VGL,300,12,,27.9921,
BW,VGL,600,0.5,,6.4961,
BW,VGL,600,0.75,,7.4803,
BW,VGL,600,1,,8.5039,
BW,VGL,600,1.25,,9.0157,
BW,VGL,600,1.5,,9.4882,
BW,VGL,600,2,,11.4961,
BW,VGL,600,2.5,,12.9921,
BW,VGL,600,3,,14.0157,
BW,VGL,600,4,,17.0079,
BW,VGL,600,5,,20,
BW,VGL,600,6,,22.0079,
BW,VGL,600,8,,25.9843,
BW,VGL,600,10,,30.9843,
BW,VGL,600,12,,32.9921,
BW,VGL,600,14,,35,
BW,VGL,600,16,,39.0157,
BW,VGL,600,18,,42.9921,
BW,VGL,600,20,,47.0079,
BW,VGL,600,22,,50.9843,
BW,VGL,600,24,,55,
BW,VGL,800,0.25,,3.25,
BW,VGL,800,0.375,,3.25,
BW,VGL,800,0.5,,3.25,
BW,VGL,800,0.75,,3.5,
BW,VGL,800,1,,4.5,
BW,VGL,800,1.25,,6.25,
BW,VGL,800,1.5,,6.25,
BW,VGL,800,2,,7.25,
BW,VGL,1500,0.25,,3.5,
BW,VGL,1500,0.375,,3.5,
BW,VGL,1500,0.5,,3.5,
BW,VGL,1500,0.75,,4.5,
BW,VGL,1500,1,,6.25,
BW,VGL,1500,1.25,,7.25,
BW,VGL,1500,1.5,,7.25,
BW,VGL,1500,2,,7.25,
SW,VGL,800,0.25,,3.25,
SW,VGL,800,0.375,,3.25,
SW,VGL,800,0.5,,3.25,
SW,VGL,800,0.75,,3.5,
SW,VGL,800,1,,4.5,
SW,VGL,800,1.25,,6.25,
SW,VGL,800,1.5,,6.25,
SW,VGL,800,2,,7.25,
SW,VGL,1500,0.25,,3.5,
SW,VGL,1500,0.375,,3.5,
SW,VGL,1500,0.5,,3.5,
SW,VGL,1500,0.75,,4.5,
SW,VGL,1500,1,,6.25,
SW,VGL,1500,1.25,,7.25,
SW,VGL,1500,1.5,,7.25,
SW,VGL,1500,2,,7.25,
THRD,VGL,800,0.25,,3.25,
THRD,VGL,800,0.375,,3.25,
THRD,VGL,800,0.5,,3.25,
THRD,VGL,800,0.75,,3.5,
THRD,VGL,800,1,,4.5,
THRD,VGL,800,1.25,,6.25,
THRD,VGL,800,1.5,,6.25,
THRD,VGL,800,2,,7.25,
THRD,VGL,1500,0.25,,3.5,
THRD,VGL,1500,0.375,,3.5,
THRD,VGL,1500,0.5,,3.5,
THRD,VGL,1500,0.75,,4.5,
THRD,VGL,1500,1,,6.25,
THRD,VGL,1500,1.25,,7.25,
THRD,VGL,1500,1.5,,7.25,
THRD,VGL,1500,2,,7.25,
BW,VGLS,600,1,,5.2362,
BW,VGLS,600,1.25,,5.748,
BW,VGLS,600,1.5,,5.9843,
BW,VGLS,600,2,,7.0079,
BW,VGLS,600,2.5,,8.5039,
BW,VGLS,600,3,,10,
BW,VGLS,600,4,,12.0079,
BW,VGLS,600,5,,15,
BW,VGLS,600,6,,17.9921,
BW,VGLS,600,8,,22.9921,
BW,VGLS,600,10,,27.9921,
BW,VGLS,600,12,,32.0079,
BW,VGT,150,0.5,,4.252,
BW,VGT,150,0.75,,4.6063,
BW,VGT,150,1,,5,
BW,VGT,150,1.25,,5.5118,
BW,VGT,150,1.5,,6.4961,
BW,VGT,150,2,,8.5039,
BW,VGT,150,2.5,,9.4882,
BW,VGT,150,3,,11.1024,
BW,VGT,150,4,,12.0079,
BW,VGT,150,5,,15,
BW,VGT,150,6,,15.8661,
BW,VGT,150,8,,16.4961,
BW,VGT,150,10,,17.9921,
BW,VGT,150,12,,19.7638,
BW,VGT,150,14,,22.5197,
BW,VGT,150,16,,24.0157,
BW,VGT,150,18,,25.9843,
BW,VGT,150,20,,27.9921,
BW,VGT,150,22,,30,
BW,VGT,150,24,,32.0079,
BW,VGT,300,0.5,,5.5118,
BW,VGT,300,0.75,,5.9843,
BW,VGT,300,1,,6.4961,
BW,VGT,300,1.25,,7.0079,
BW,VGT,300,1.5,,7.4803,
BW,VGT,300,2,,8.5039,
BW,VGT,300,2.5,,9.4882,
BW,VGT,300,3,,11.1024,
BW,VGT,300,4,,12.0079,
BW,VGT,300,5,,15,
BW,VGT,300,6,,15.8661,
BW,VGT,300,8,,16.4961,
BW,VGT,300,10,,17.9921,
BW,VGT,300,12,,19.7638,
BW,VGT,300,14,,30,
BW,VGT,300,16,,32.9921,
BW,VGT,300,18,,35.9843,
BW,VGT,300,20,,39.0157,
BW,VGT,300,22,,42.9921,
BW,VGT,300,24,,45,
BW,VGT,600,0.5,,6.4961,
BW,VGT,600,0.75,,7.4803,
BW,VGT,600,1,,8.5039,
BW,VGT,600,1.25,,9.0157,
BW,VGT,600,1.5,,9.4882,
BW,VGT,600,2,,11.4961,
BW,VGT,600,2.5,,12.9921,
BW,VGT,600,3,,14.0157,
BW,VGT,600,4,,17.0079,
BW,VGT,600,5,,20,
BW,VGT,600,6,,22.0079,
BW,VGT,600,8,,25.9843,
BW,VGT,600,10,,30.9843,
BW,VGT,600,12,,32.9921,
BW,VGT,600,14,,35,
BW,VGT,600,16,,39.0157,
BW,VGT,600,18,,42.9921,
BW,VGT,600,20,,47.0079,
BW,VGT,600,22,,50.9843,
BW,VGT,600,24,,55,
BW,VGT,800,0.25,,3.25,
BW,VGT,800,0.375,,3.25,
BW,VGT,800,0.5,,3.25,
BW,VGT,800,0.75,,3.5,
BW,VGT,800,1,,3.88,
BW,VGT,800,1.25,,4.75,
BW,VGT,800,1.5,,4.75,
BW,VGT,800,2,,5.5,
BW,VGT,1500,0.25,,3.5,
BW,VGT,1500,0.375,,3.5,
BW,VGT,1500,0.5,,3.5,
BW,VGT,1500,0.75,,3.88,
BW,VGT,1500,1,,4.75,
BW,VGT,1500,1.25,,5.5,
BW,VGT,1500,1.5,,5.5,
BW,VGT,1500,2,,6.25,
SW,VGT,800,0.25,,3.25,
SW,VGT,800,0.375,,3.25,
SW,VGT,800,0.5,,3.25,
SW,VGT,800,0.75,,3.5,
SW,VGT,800,1,,3.88,
SW,VGT,800,1.25,,4.75,
SW,VGT,800,1.5,,4.75,
SW,VGT,800,2,,5.5,
SW,VGT,1500,0.25,,3.5,
SW,VGT,1500,0.375,,3.5,
SW,VGT,1500,0.5,,3.5,
SW,VGT,1500,0.75,,3.88,
SW,VGT,1500,1,,4.75,
SW,VGT,1500,1.25,,5.5,
SW,VGT,1500,1.5,,5.5,
SW,VGT,1500,2,,6.25,
THRD,VGT,800,0.25,,3.25,
THRD,VGT,800,0.375,,3.25,
THRD,VGT,800,0.5,,3.25,
THRD,VGT,800,0.75,,3.5,
THRD,VGT,800,1,,3.88,
THRD,VGT,800,1.25,,4.75,
THRD,VGT,800,1.5,,4.75,
THRD,VGT,800,2,,5.5,
THRD,VGT,1500,0.25,,3.5,
THRD,VGT,1500,0.375,,3.5,
THRD,VGT,1500,0.5,,3.5,
THRD,VGT,1500,0.75,,3.88,
THRD,VGT,1500,1,,4.75,
THRD,VGT,1500,1.25,,5.5,
THRD,VGT,1500,1.5,,5.5,
THRD,VGT,1500,2,,6.25,
BW,VGTS,600,1,,5.2362,
BW,VGTS,600,1.25,,5.748,
BW,VGTS,600,1.5,,5.9843,
BW,VGTS,600,2,,7.0079,
BW,VGTS,600,2.5,,8.5039,
BW,VGTS,600,3,,10,
BW,VGTS,600,4,,12.0079,
BW,VGTS,600,5,,15,
BW,VGTS,600,6,,17.9921,
BW,VGTS,600,8,,22.9921,
BW,VGTS,600,10,,27.9921,
BW,VGTS,600,12,,32.0079,
BW,VGTS,600,14,,35,
BW,VGTS,600,16,,39.0157,
BW,VGTS,600,18,,42.9921,
BW,VGTS,600,20,,47.0079,
BW,VGTS,600,24,,55,
SW,VND,3000,0.25,,2.76,
SW,VND,3000,0.375,,2.95,
SW,VND,3000,0.5,,3.35,
SW,VND,3000,0.75,,3.62,
SW,VND,3000,1,,3.94,
SW,VND,6000,0.25,,2.76,
SW,VND,6000,0.375,,2.95,
SW,VND,6000,0.5,,3.35,
SW,VND,6000,0.75,,3.62,
SW,VND,6000,1,,3.94,
THRD,VND,3000,0.25,,2.76,
THRD,VND,3000,0.375,,2.95,
THRD,VND,3000,0.5,,3.35,
THRD,VND,3000,0.75,,3.62,
THRD,VND,3000,1,,3.94,
THRD,VND,6000,0.25,,2.76,
THRD,VND,6000,0.375,,2.95,
THRD,VND,6000,0.5,,3.35,
THRD,VND,6000,0.75,,3.62,
THRD,VND,6000,1,,3.94,
BW,VPL,800,0.25,,3.25,
BW,VPL,800,0.375,,3.25,
BW,VPL,800,0.5,,3.25,
BW,VPL,800,0.75,,3.5,
BW,VPL,800,1,,3.88,
BW,VPL,800,1.25,,4.75,
BW,VPL,800,1.5,,4.75,
BW,VPL,800,2,,5.5,
SW,VPL,800,0.25,,3.25,
SW,VPL,800,0.375,,3.25,
SW,VPL,800,0.5,,3.25,
SW,VPL,800,0.75,,3.5,
SW,VPL,800,1,,3.88,
SW,VPL,800,1.25,,4.75,
SW,VPL,800,1.5,,4.75,
SW,VPL,800,2,,5.5,
THRD,VPL,800,0.25,,3.25,
THRD,VPL,800,0.375,,3.25,
THRD,VPL,800,0.5,,3.25,
THRD,VPL,800,0.75,,3.5,
THRD,VPL,800,1,,3.88,
THRD,VPL,800,1.25,,4.75,
THRD,VPL,800,1.5,,4.75,
THRD,VPL,800,2,,5.5,
THRD,VSOL,800,0.25,,3.25,
THRD,VSOL,800,0.375,,3.25,
THRD,VSOL,800,0.5,,3.25,
THRD,VSOL,800,0.75,,3.5,
THRD,VSOL,800,1,,4.5,
THRD,VSOL,800,1.25,,6.25,
THRD,VSOL,800,1.5,,6.25,
THRD,VSOL,800,2,,7.25,
BW,VSW,150,0.5,,4.252,
BW,VSW,150,0.75,,4.6063,
BW,VSW,150,1,,5,
BW,VSW,150,1.25,,5.5118,
BW,VSW,150,1.5,,6.4961,
BW,VSW,150,2,,7.9921,
BW,VSW,150,2.5,,8.5039,
BW,VSW,150,3,,9.4882,
BW,VSW,150,4,,11.4961,
BW,VSW,150,5,,12.9921,
BW,VSW,150,6,,14.0157,
BW,VSW,300,1,,8.5039,
BW,VSW,300,1.25,,9.0157,
BW,VSW,300,1.5,,9.4882,
BW,VSW,300,2,,10.5118,
BW,VSW,300,2.5,,11.4961,
BW,VSW,300,3,,12.5197,
BW,VSW,300,4,,14.0157,
BW,VSW,300,5,,15.748,
BW,VSW,300,6,,17.4803,
BW,VSW,300,8,,20.9843,
BW,VSW,300,10,,24.4882,
BW,VSW,300,12,,27.9921,
BW,VSW,600,0.5,,6.4961,
BW,VSW,600,0.75,,7.4803,
BW,VSW,600,1,,8.5039,
BW,VSW,600,1.25,,9.0157,
BW,VSW,600,1.5,,9.4882,
BW,VSW,600,2,,11.4961,
BW,VSW,600,2.5,,12.9921,
BW,VSW,600,3,,14.0157,
BW,VSW,600,4,,17.0079,
BW,VSW,600,5,,20,
BW,VSW,600,6,,22.0079,
BW,VSW,600,8,,25.9843,
BW,VSW,600,10,,30.9843,
BW,VSW,600,12,,32.9921,
BW,VSW,600,14,,35,
BW,VSW,600,16,,39.0157,
BW,VSW,600,18,,42.9921,
BW,VSW,600,20,,47.0079,
BW,VSW,600,22,,50.9843,
BW,VSW,600,24,,55,
BW,VSW,800,0.5,,3.54,
BW,VSW,800,0.75,,3.54,
BW,VSW,800,1,,4.33,
BW,VSW,800,1.25,,5,
BW,VSW,800,1.5,,5,
BW,VSW,800,2,,8.26,
SW,VSW,800,0.5,,3.54,
SW,VSW,800,0.75,,3.54,
SW,VSW,800,1,,4.33,
SW,VSW,800,1.25,,5,
SW,VSW,800,1.5,,5,
SW,VSW,800,2,,8.26,
THRD,VSW,800,0.5,,3.54,
THRD,VSW,800,0.75,,3.54,
THRD,VSW,800,1,,4.33,
THRD,VSW,800,1.25,,5,
THRD,VSW,800,1.5,,5,
THRD,VSW,800,2,,8.26,
BW,VYG,800,0.5,,4.72,
BW,VYG,800,0.75,,4.72,
BW,VYG,800,1,,5.12,
BW,VYG,800,1.5,,7.17,
BW,VYG,800,2,,7.68,
BW,VYG,1500,0.5,,4.72,
BW,VYG,1500,0.75,,4.72,
BW,VYG,1500,1,,5.12,
BW,VYG,1500,1.5,,7.17,
BW,VYG,1500,2,,7.68,
SW,VYG,800,0.5,,4.72,
SW,VYG,800,0.75,,4.72,
SW,VYG,800,1,,5.12,
SW,VYG,800,1.5,,7.17,
SW,VYG,800,2,,7.68,
SW,VYG,1500,0.5,,4.72,
SW,VYG,1500,0.75,,4.72,
SW,VYG,1500,1,,5.12,
SW,VYG,1500,1.5,,7.17,
SW,VYG,1500,2,,7.68,
THRD,VYG,800,0.5,,4.72,
THRD,VYG,800,0.75,,4.72,
THRD,VYG,800,1,,5.12,
THRD,VYG,800,1.5,,7.17,
THRD,VYG,800,2,,7.68,
THRD,VYG,1500,0.5,,4.72,
THRD,VYG,1500,0.75,,4.72,
THRD,VYG,1500,1,,5.12,
THRD,VYG,1500,1.5,,7.17,
THRD,VYG,1500,2,,7.68,
